date,program,event,tier,source_url
2025-03-30,precision,"FDA 510(k) clearance K242618 for the Layer 7-T cortical interface, for implants of up to 30 days (announced Apr 17, 2025)",A,https://www.accessdata.fda.gov/scripts/cdrh/cfdocs/cfpmn/pmn.cfm?ID=K242618
2025-05-01,neuralink,FDA Breakthrough Device designation for speech restoration,C,https://www.massdevice.com/neuralink-fda-breakthrough-nod-speech-impairment/
2025-05-13,ecosystem,"Apple announces a Brain-Computer Interface Human Interface Device protocol for iOS, iPadOS and visionOS",B,https://www.apple.com/newsroom/2025/05/apple-unveils-powerful-accessibility-features-coming-later-this-year/
2025-11-20,paradromics,FDA approves the Connect-One clinical study (investigational device exemption) for Connexus,B,https://paradromics.com/news/paradromics-receives-fda-approval-for-the-connect-one-clinical-study-with-the-connexus-brain-computer-interface/
2025-03-12,policy,China's national health insurer creates billing items for BCI procedures,A,https://www.nhsa.gov.cn/art/2025/3/12/art_14_15946.html
2026-03-13,policy,"China's 15th Five-Year Plan lists brain-computer interfaces among ""future industries""",C,https://www.news.cn/politics/20260313/085af5de5a4b4268aa7d87d90817df2f/c.html
2026-03-13,neuracle,"NMPA approves the NEO implant, the first invasive BCI cleared for commercial sale",C,https://www.fiercebiotech.com/medtech/china-approves-first-brain-computer-interface-implant-paralyzed-patients-sector-heats
2026-04-23,policy,"CMS and FDA announce the RAPID coverage pathway for Breakthrough devices; notice published Aug 11, 2026, comments due Oct 13, 2026",A,https://www.federalregister.gov/public-inspection/2026-16368/medicare-program-regulatory-alignment-for-predictable-and-immediate-device-coverage-pathway
2026-06-15,neucyber,Registration trial under way; NeuCyber plans to apply for approval in 2027,C,https://www.chinadaily.com.cn/a/202606/15/WS6a2fc5cba310986e2b460147.html
2026-07-13,neuracle,"First commercial implant of the NEO, at Huashan Hospital in Shanghai",C,https://insidebci.com/news/2026-07-16-neuracle-neo-shanghai-huashan-first-commercial-invasive-bci-motor-restoration/
2025-11-14,onward,510(k) K251821: ARC-EX System,A,https://www.accessdata.fda.gov/scripts/cdrh/cfdocs/cfpmn/pmn.cfm?ID=K251821
2024-12-19,onward,510(k) DEN240014: ARC-EX System,A,https://www.accessdata.fda.gov/scripts/cdrh/cfdocs/cfpmn/pmn.cfm?ID=DEN240014
2021-02-10,blackrock,510(k) K202174: Digital NeuroPort Biopotential Signal Processing System,A,https://www.accessdata.fda.gov/scripts/cdrh/cfdocs/cfpmn/pmn.cfm?ID=K202174
2020-02-14,blackrock,510(k) K191346: Blackrock NeuroCoG Subdural Cortical Electrodes (Strips and Grids),A,https://www.accessdata.fda.gov/scripts/cdrh/cfdocs/cfpmn/pmn.cfm?ID=K191346
2019-03-12,cortec,510(k) K183437: AirRay Subdural Cortical Electrodes,A,https://www.accessdata.fda.gov/scripts/cdrh/cfdocs/cfpmn/pmn.cfm?ID=K183437
2011-02-09,blackrock,510(k) K110010: NEUROPORT CORTICAL MICROELECTRODE ARRAY SYSTEM,A,https://www.accessdata.fda.gov/scripts/cdrh/cfdocs/cfpmn/pmn.cfm?ID=K110010
