nct_id,title,program,sponsor,status,enrollment,enrollment_type,implanted,duration,start_date,primary_completion_date,countries,in_scope,reason,url,last_update
NCT04632290,Brain-controlled Spinal Cord Stimulation in Patients With Spinal Cord Injury,onward,Ecole Polytechnique Fédérale de Lausanne,ACTIVE_NOT_RECRUITING,3,ESTIMATED,,chronic,2021-07-04,2028-03,Switzerland,True,"Implanted BCI ('brain-spine interface', 'WIMAGINE')",https://clinicaltrials.gov/study/NCT04632290,2025-06-29
NCT07225582,Development of Optimal Sensory Feedback Strategies to Maximize Function After Tetraplegia,academic-other,Case Western Reserve University,RECRUITING,3,ESTIMATED,,chronic,2026-01-13,2030-09-01,United States,True,"Implanted BCI ('Brain Computer Interface', 'Intracortical microstimulation')",https://clinicaltrials.gov/study/NCT07225582,2026-02-19
NCT02550522,Brain Computer Interface: Neuroprosthetic Control of a Motorized Exoskeleton,academic-other,"University Hospital, Grenoble",RECRUITING,5,ESTIMATED,,chronic,2015-09,2033-04,France,True,"Implanted BCI ('Brain Computer Interface', 'electrocorticogram')",https://clinicaltrials.gov/study/NCT02550522,2024-12-16
NCT07224256,VOICE: An Early Feasibility Study of a Precise Robotically Implanted Brain-Computer Interface for Communication Restoration,neuralink,Neuralink Corp,RECRUITING,6,ESTIMATED,,chronic,2025-10-03,2028-10,United States,True,"Implanted BCI ('Brain-Computer Interface', 'Neuralink')",https://clinicaltrials.gov/study/NCT07224256,2025-11-04
NCT06243952,Brain Controlled Spinal Cord Stimulation In Participants With Spinal Cord Injury For Lower Limb Rehabilitation,onward,Ecole Polytechnique Fédérale de Lausanne,ACTIVE_NOT_RECRUITING,3,ESTIMATED,,chronic,2024-05-03,2030-07,Switzerland,True,"Implanted BCI ('Brain computer interface', 'ECoG')",https://clinicaltrials.gov/study/NCT06243952,2026-07-28
NCT06992596,UAE-PRIME: A Feasibility Study of a Precise Robotically Implanted Brain-Computer Interface for the Control of External Devices,neuralink,Neuralink Corp,RECRUITING,10,ESTIMATED,,chronic,2025-05-09,2026-11,United Arab Emirates,True,"Implanted BCI ('Brain-Computer Interface', 'Neuralink')",https://clinicaltrials.gov/study/NCT06992596,2025-06-05
NCT07784088,Implantable Wireless Brain-Computer Interface Systems in Patients With Tetraplegia,academic-other,"BCIFlex Medical Technology Co., Ltd.",RECRUITING,34,ESTIMATED,,chronic,2026-07-15,2027-06,China,True,"Implanted BCI ('Brain-Computer Interface', 'Implantable Wireless Brain-Computer Interface')",https://clinicaltrials.gov/study/NCT07784088,2026-08-25
NCT07698496,Evaluation of the Feasibility and Efficacy of a Chronic Brain-computer Interface for Speech Rehabilitation in Patients With Locked-in-syndrome (LIS),academic-other,"University Hospital, Grenoble",NOT_YET_RECRUITING,3,ESTIMATED,,chronic,2026-10-10,2031-01-30,France,True,"Implanted BCI ('Brain-computer Interface', 'Utah Array')",https://clinicaltrials.gov/study/NCT07698496,2026-07-13
NCT06511934,Feasibility of the BrainGate2 Neural Interface System in Persons With Tetraplegia (BG-Tablet-01),braingate,"Leigh R. Hochberg, MD, PhD.",RECRUITING,6,ESTIMATED,,chronic,2024-07-22,2026-07-30,United States,True,"Implanted BCI ('brain-computer interface', 'iBCI')",https://clinicaltrials.gov/study/NCT06511934,2026-06-25
NCT06710626,Control of Assistive Devices Via Brain-Computer Interface Technology,neuralink,Neuralink Corp,ENROLLING_BY_INVITATION,3,ESTIMATED,,chronic,2024-11-25,2031-05-25,United States,True,"Implanted BCI ('Brain-Computer Interface', 'Neuralink')",https://clinicaltrials.gov/study/NCT06710626,2025-06-05
NCT00912041,BrainGate2: Feasibility Study of an Intracortical Neural Interface System for Persons With Tetraplegia,braingate,"Leigh R. Hochberg, MD, PhD.",RECRUITING,27,ESTIMATED,,chronic,2009-05,2038-09,United States,True,"Implanted BCI ('Brain computer interface', 'Intracortical Neural')",https://clinicaltrials.gov/study/NCT00912041,2026-06-01
NCT05041114,SWITCH II Early Feasibility Study: Implantable BCI to Control a Digital Device for People With Paralysis,synchron,"Synchron Medical, Inc.",WITHDRAWN,0,ACTUAL,,chronic,2022-04-21,2022-11-30,Australia,True,"Implanted BCI ('brain computer interface', 'Stentrode')",https://clinicaltrials.gov/study/NCT05041114,2023-03-21
NCT01849822,Providing Brain Control of Extracorporeal Devices to Patients With Quadriplegia,academic-other,"Richard A. Andersen, PhD",COMPLETED,1,ACTUAL,,chronic,2013-02,2019-01,United States,True,"Implanted BCI ('brain-machine interface', 'NeuroPort')",https://clinicaltrials.gov/study/NCT01849822,2021-04-30
NCT01894802,Cortical Recording and Stimulating Array Brain-Machine Interface,academic-other,Michael Boninger,RECRUITING,30,ESTIMATED,,chronic,2013-12-01,2027-08,United States,True,"Implanted BCI ('Brain-Machine Interface', 'implanted in the motor cortex')",https://clinicaltrials.gov/study/NCT01894802,2026-05-20
NCT07127172,GB-PRIME: An Early Feasibility Study of a Precise Robotically Implanted Brain-Computer Interface for the Control of External Devices,neuralink,Neuralink Corp,RECRUITING,7,ESTIMATED,,chronic,2025-07-31,2028-01,United Kingdom,True,"Implanted BCI ('Brain-Computer Interface', 'Neuralink')",https://clinicaltrials.gov/study/NCT07127172,2025-08-17
NCT03834857,SWITCH: Stentrode First-in-Human Study of Implantable BCI for Control of a Digital Device,synchron,Synchron Australia Pty Ltd.,COMPLETED,5,ACTUAL,4,chronic,2019-05-27,2021-12-10,Australia,True,"Implanted BCI ('BCI', 'Stentrode')",https://clinicaltrials.gov/study/NCT03834857,2022-09-01
NCT05936619,"MindEx: A Novel, Multifocal, Cognitive Brain-Machine Interface System",academic-other,Nader Pouratian,RECRUITING,2,ESTIMATED,,chronic,2026-02-20,2030-05-30,United States,True,"Implanted BCI ('Brain-Machine Interface', 'NeuroPort')",https://clinicaltrials.gov/study/NCT05936619,2026-03-17
NCT06829212,Research on Wireless Brain Implant System for General Control of External Devices,stairmed,"Shanghai StairMed Technology Co., Ltd.",RECRUITING,4,ESTIMATED,,chronic,2025-03,2027-02,China,True,"Implanted BCI ('brain-machine interface', 'Brain Implant')",https://clinicaltrials.gov/study/NCT06829212,2025-03-13
NCT01958086,Visuomotor Prosthetic for Paralysis,academic-other,"Richard A. Andersen, PhD",RECRUITING,2,ESTIMATED,,chronic,2013-10-01,2031-04-30,United States,True,"Implanted BCI ('brain machine interface', 'NeuroPort')",https://clinicaltrials.gov/study/NCT01958086,2026-03-18
NCT03698149,ECoG BMI for Motor and Speech Control,blackrock,Karunesh Ganguly,RECRUITING,3,ESTIMATED,,chronic,2018-11-09,2030-08-15,United States,True,"Implanted BCI ('NeuroPort', 'NeuroPort')",https://clinicaltrials.gov/study/NCT03698149,2026-05-05
NCT06429735,Precise Robotically IMplanted Brain-Computer InterfacE,neuralink,Neuralink Corp,RECRUITING,15,ESTIMATED,,chronic,2024-01-09,2026-06,United States,True,"Implanted BCI ('Brain-Computer InterfacE', 'Neuralink')",https://clinicaltrials.gov/study/NCT06429735,2026-01-09
NCT07521930,Interfacing With NeuroTechnology to Expand Neural Throughput (INTENT),blackrock,Johns Hopkins University,RECRUITING,5,ESTIMATED,,chronic,2026-09,2028-06,United States,True,"Implanted BCI ('Brain Computer Interface', 'microelectrode arrays')",https://clinicaltrials.gov/study/NCT07521930,2026-09-02
NCT06432907,StereoEEG Motor Neuronal Potentials Decoding,academic-other,"Research Center of Neurology, Russia",RECRUITING,30,ESTIMATED,,acute,2024-06-06,2026-12-25,Russia,True,"Implanted BCI, temporary ('StereoEEG')",https://clinicaltrials.gov/study/NCT06432907,2025-07-24
NCT07460037,Chinese-Specific Speech Imagery Coding Using High-Density ECoG,academic-other,"Second Affiliated Hospital, Zhejiang University, School of Medicine",RECRUITING,50,ESTIMATED,,acute,2026-03-15,2028-12-31,China,True,"Implanted BCI, temporary ('intraoperative')",https://clinicaltrials.gov/study/NCT07460037,2026-03-10
NCT07533903,Functional Outcomes and Control Using Synchron BCI - Australia,synchron,"Synchron, Inc.",RECRUITING,10,ESTIMATED,,chronic,2026-05-22,2027-03,Australia,True,"Implanted BCI ('Brain Computer Interface', 'Stentrode')",https://clinicaltrials.gov/study/NCT07533903,2026-06-09
NCT07720882,"A Clinical Study of a Fully Implanted, Wireless and Functional BCI for Upper-Limb Functional Replacement in Tetraplegia Due to Spinal Cord Injury: Efficacy and Safety",academic-other,"NeuroXess Technology (shanghai) Co.,Ltd.",RECRUITING,32,ESTIMATED,,chronic,2026-07-07,2027-01-30,China,True,"Implanted BCI ('Brain-Computer Interface', 'Implanted, Wireless and Functional BCI')",https://clinicaltrials.gov/study/NCT07720882,2026-07-22
NCT05724173,Feasibility of the BrainGate2 Neural Interface System in Persons With Tetraplegia,braingate,"Leigh R. Hochberg, MD, PhD.",RECRUITING,3,ESTIMATED,,chronic,2023-10-18,2027-07-31,United States,True,"Implanted BCI ('BrainGate', 'BrainGate')",https://clinicaltrials.gov/study/NCT05724173,2026-06-02
NCT02224469,First Study With a Brain Implant to Help Locked-in Patients Communicate at Home,academic-other,UMC Utrecht,COMPLETED,6,ACTUAL,,chronic,2015-09-09,2024-02-14,Netherlands,True,"Implanted BCI ('Brain-Computer Interface', 'electrocorticography')",https://clinicaltrials.gov/study/NCT02224469,2025-12-03
NCT07791459,BrainGate2: Feasibility Study of an Intracortical Neural Interface System for Persons With Aphasia,braingate,"Leigh R. Hochberg, MD, PhD.",NOT_YET_RECRUITING,5,ESTIMATED,,chronic,2026-08,2038-09,,True,"Implanted BCI ('Brain-Computer Interface', 'Intracortical Neural')",https://clinicaltrials.gov/study/NCT07791459,2026-08-31
NCT03161067,Investigation on the Bidirectional Cortical Neuroprosthetic System,academic-other,Johns Hopkins University,RECRUITING,5,ESTIMATED,,chronic,2017-08-01,2028-12-31,United States,True,"Implanted BCI ('Brain Computer Interface', 'Intracortical Microstimulation')",https://clinicaltrials.gov/study/NCT03161067,2026-08-21
NCT07610850,Brain-controlled Spinal Cord Stimulation in Participants With Chronic Stroke for Lower and Upper Limb Rehabilitation,onward,Ecole Polytechnique Fédérale de Lausanne,RECRUITING,3,ESTIMATED,,chronic,2026-09-01,2028-10,Switzerland,True,"Implanted BCI ('Brain computer interface', 'ECoG')",https://clinicaltrials.gov/study/NCT07610850,2026-06-08
NCT03567213,Investigation on the Cortical Communication (CortiCom) System,academic-other,Johns Hopkins University,RECRUITING,3,ESTIMATED,,chronic,2021-12-14,2028-12-31,United States,True,"Implanted BCI ('Brain Computer Interface', 'NeuroPort')",https://clinicaltrials.gov/study/NCT03567213,2026-08-21
NCT06700304,CAN-PRIME: Precise Robotically Implanted Brain-Computer Interface for the Control of External Devices,neuralink,Neuralink Corp,RECRUITING,6,ESTIMATED,,chronic,2024-11-20,2027-11-30,Canada,True,"Implanted BCI ('Brain-Computer Interface', 'Neuralink')",https://clinicaltrials.gov/study/NCT06700304,2025-05-31
NCT06673264,First-In-human Trial of a NovEl Soft and Stretchable Neural probE,axoft,"Axoft, Inc.",COMPLETED,5,ACTUAL,,acute,2025-03-14,2025-08-21,Panama,True,"Implanted BCI, temporary ('already scheduled')",https://clinicaltrials.gov/study/NCT06673264,2025-09-18
NCT07603752,Implantable Wireless Brain-Machine Interface System for Spinal Cord Injury: Efficacy and Safety Study,stairmed,"Shanghai StairMed Technology Co., Ltd.",RECRUITING,34,ESTIMATED,,chronic,2026-04-28,2027-01-31,China,True,"Implanted BCI ('Brain-Machine Interface', 'Implantable Wireless Brain-Machine Interface')",https://clinicaltrials.gov/study/NCT07603752,2026-05-22
NCT03913286,Neuromotor Prosthetic to Treat Stroke-Related Paresis,academic-other,Thomas Jefferson University,COMPLETED,1,ACTUAL,,chronic,2019-05-01,2023-12-01,United States,True,"Implanted BCI ('brain computer interface', 'Utah array')",https://clinicaltrials.gov/study/NCT03913286,2025-04-16
NCT06990412,A Clinical Trial to Evaluate the Safety and Efficacy of an Implantable Wireless Brain-Computer Interface（BCI）System NEO in Patients With Tetraplegia,neuracle,"Neuracle Medical Technology(Shanghai) Co.,Ltd.",COMPLETED,32,ACTUAL,,chronic,2025-05-28,2025-11-06,China,True,"Implanted BCI ('Brain-Computer Interface', 'Minimally Invasive Wireless Implantable Brain')",https://clinicaltrials.gov/study/NCT06990412,2026-08-25
NCT05470478,iBCI Optimization for Veterans With Paralysis,academic-other,VA Office of Research and Development,NOT_YET_RECRUITING,2,ESTIMATED,,chronic,2026-10-02,2027-06-30,United States,True,"Implanted BCI ('brain-computer interface', 'iBCI')",https://clinicaltrials.gov/study/NCT05470478,2026-07-27
NCT06944834,A Study on the Safety and Functionality of the Implantable Wireless Brain-Computer Interfaces for Motor Rehabilitation,stairmed,"Shanghai StairMed Technology Co., Ltd.",NOT_YET_RECRUITING,5,ESTIMATED,,chronic,2025-04,2027-04,China,True,"Implanted BCI ('Brain-Computer Interfaces', 'Implantable Wireless Brain-Computer Interfaces')",https://clinicaltrials.gov/study/NCT06944834,2025-04-25
NCT04576650,Brain-Computer Interface Implant for Severe Communication Disability,academic-other,Johns Hopkins University,WITHDRAWN,0,ACTUAL,,chronic,2022-10,2023-10,United States,True,"Implanted BCI ('Brain-Computer Interface', 'electrocorticographic')",https://clinicaltrials.gov/study/NCT04576650,2022-11-07
NCT05665998,Brain Controlled Spinal Cord Stimulation in Participants With Cervical Spinal Cord Injury for Upper Limb Rehabilitation,onward,Ecole Polytechnique Fédérale de Lausanne,RECRUITING,3,ESTIMATED,,chronic,2023-05-22,2026-12-31,Switzerland,True,"Implanted BCI ('Brain computer interface', 'electrocorticography')",https://clinicaltrials.gov/study/NCT05665998,2026-04-23
NCT06094205,Feasibility of the BrainGate2 Neural Interface System in Persons With Tetraplegia (BG-Speech-02),braingate,"Leigh R. Hochberg, MD, PhD.",RECRUITING,2,ESTIMATED,,chronic,2023-10-16,2027-08-31,United States,True,"Implanted BCI ('Brain-computer Interface', 'iBCIs')",https://clinicaltrials.gov/study/NCT06094205,2025-12-01
NCT01964261,Sensory Motor Transformations in Human Cortex,academic-other,"Richard A. Andersen, PhD",RECRUITING,5,ESTIMATED,,chronic,2013-11-01,2026-07-31,United States,True,"Implanted BCI ('brain-machine interface', 'Intracortical Microstimulation')",https://clinicaltrials.gov/study/NCT01964261,2025-05-22
NCT05035823,COMMAND Early Feasibility Study: Implantable BCI to Control a Digital Device for People With Paralysis,synchron,"Synchron Medical, Inc.",ACTIVE_NOT_RECRUITING,6,ACTUAL,,chronic,2022-04-27,2024-09-19,United States,True,"Implanted BCI ('brain computer interface', 'Implantable BCI')",https://clinicaltrials.gov/study/NCT05035823,2026-09-08
NCT07357428,Connect-One: Early Feasibility Study of Connexus® Brain-Computer Interface (BCI),paradromics,Paradromics,RECRUITING,2,ESTIMATED,,chronic,2026-03-31,2027-05,United States,True,"Implanted BCI ('Brain-Computer Interface', 'Connexus')",https://clinicaltrials.gov/study/NCT07357428,2026-04-14
NCT01393444,ECoG Direct Brain Interface for Individuals With Upper Limb Paralysis,academic-other,University of Pittsburgh,COMPLETED,6,ACTUAL,,acute,2011-05,2015-04,United States,True,"Implanted BCI, temporary ('up to 29 days')",https://clinicaltrials.gov/study/NCT01393444,2016-12-12
NCT07446114,Functional Outcomes and Control Using Synchron BCI - Canada,synchron,"Synchron, Inc.",RECRUITING,10,ESTIMATED,,chronic,2026-03-18,2026-12,Canada,True,"Implanted BCI ('Brain computer interface', 'Stentrode')",https://clinicaltrials.gov/study/NCT07446114,2026-04-17
NCT07647315,Wireless Implantable Mandarin Chinese Speech Neuroprosthesis Evaluation,stairmed,"Shanghai StairMed Technology Co., Ltd.",RECRUITING,4,ESTIMATED,,chronic,2026-09-01,2028-08-30,China,True,"Implanted BCI ('brain-computer interface', 'implantable wireless brain-computer interface')",https://clinicaltrials.gov/study/NCT07647315,2026-09-11
NCT06207591,Investigation on the Cortical Communication System,academic-other,UMC Utrecht,RECRUITING,2,ESTIMATED,,chronic,2023-12-15,2028-09,Netherlands,True,"Implanted BCI ('Brain-Computer interface', 'electrocorticography')",https://clinicaltrials.gov/study/NCT06207591,2025-10-03
NCT07110688,"Novel Multimodal Neural, Physiological, and Behavioral Sensing and Machine Learning for Mental States",academic-other,University of Southern California,RECRUITING,90,ESTIMATED,,acute,2024-08-01,2028-11-30,United States,True,"Implanted BCI, temporary ('intracranial EEG')",https://clinicaltrials.gov/study/NCT07110688,2025-10-01
NCT07640711,Innovative Brain-Computer Interface for People With Spinal Cord Injury,academic-other,UMC Utrecht,RECRUITING,1,ESTIMATED,,chronic,2026-08,2027-08,Netherlands,True,"Implanted BCI ('Brain-Computer Interface', 'electrocorticography')",https://clinicaltrials.gov/study/NCT07640711,2026-06-11
NCT02932839,Investigating the Neuronal Bases of Epilepsy With Micro-electrode Arrays in Candidates for Epilepsy Surgery,blackrock,Wyss Center for Bio and Neuroengineering,COMPLETED,3,ACTUAL,,acute,2017-12-28,2019-12-20,Switzerland,True,"Implanted BCI, temporary ('intracranial EEG')",https://clinicaltrials.gov/study/NCT02932839,2021-06-02
NCT02564419,Brain Machine Interface (BMI) in Subjects Living With Quadriplegia,academic-other,Jonathan Jagid,COMPLETED,1,ACTUAL,,chronic,2015-11,2019-11-30,United States,True,"Implanted BCI ('Brain Machine Interface', 'subdural strip')",https://clinicaltrials.gov/study/NCT02564419,2020-09-18
NCT03482310,Restoring High Dimensional Hand Function to Persons With Chronic High Tetraplegia,blackrock,VA Office of Research and Development,COMPLETED,1,ACTUAL,,chronic,2018-06-01,2023-09-30,United States,True,"Implanted BCI ('Brain computer interface', 'Neuroport')",https://clinicaltrials.gov/study/NCT03482310,2026-02-20
NCT05920174,Clinical Trial to Evaluate the Safety and Efficacy of an Implantable Neural Acquisitor & Stimulator System in Patients With Motor Disability,neuracle,"Neuracle Medical Technology(Shanghai) Co.,Ltd.",RECRUITING,9,ESTIMATED,,chronic,2023-10-17,2024-12,China,True,"Implanted BCI ('brain-computer interface', 'Implantable Neural Acquisitor')",https://clinicaltrials.gov/study/NCT05920174,2024-12-05
NCT01364480,Microelectrode Brain-Machine Interface for Individuals With Tetraplegia,blackrock,Michael Boninger,TERMINATED,1,ACTUAL,,chronic,2011-05-01,2022-11-26,United States,True,"Implanted BCI ('Brain-Machine Interface', 'NeuroPort')",https://clinicaltrials.gov/study/NCT01364480,2024-01-09
NCT06533969,Assessment of Neural Signals for the Control of Assistive Devices,academic-other,University of Miami,RECRUITING,3,ESTIMATED,,chronic,2024-09-06,2027-12-31,United States,True,"Implanted BCI ('brain-computer interface', 'Electrocorticographic')",https://clinicaltrials.gov/study/NCT06533969,2026-08-26
NCT06940089,Invasive Brain-Computer Interfaces for Attention,academic-other,University of Texas at Austin,WITHDRAWN,0,ACTUAL,,acute,2025-05-01,2026-04-01,United States,True,"Implanted BCI, temporary ('epilepsy surgery')",https://clinicaltrials.gov/study/NCT06940089,2026-05-01
NCT03100110,NeuroCognitive Communicator: Safety Study,academic-other,Ottawa Hospital Research Institute,UNKNOWN,2,ESTIMATED,,chronic,2019-05-13,2024-04-15,Canada,True,"Implanted BCI ('brain-computer interface', 'microelectrode array')",https://clinicaltrials.gov/study/NCT03100110,2022-08-01
NCT07465796,A First-in-Human Study of the CIPHER System During Brain Surgery for Newly Diagnosed Glioma,academic-other,Coherence Neuro Australia Pty Limited,RECRUITING,10,ESTIMATED,,acute,2026-05-22,2026-09,Australia,True,"Implanted BCI, temporary ('Intraoperative')",https://clinicaltrials.gov/study/NCT07465796,2026-06-03
NCT06939660,BCI-Assisted SCS-EXS for Gait Optimization,academic-other,"Xuanwu Hospital, Beijing",RECRUITING,3,ESTIMATED,,chronic,2025-04-23,2026-05-01,China,True,"Implanted BCI ('Brain-machine Interfaces', 'ECoG')",https://clinicaltrials.gov/study/NCT06939660,2025-05-20
NCT07477613,Implantable Brain-Computer Interface for Upper-Limb Recovery After Stroke,academic-other,"University Hospital, Grenoble",RECRUITING,10,ESTIMATED,,chronic,2026-04-08,2029-04-08,France,True,"Implanted BCI ('Brain-Computer Interface', 'WIMAGINE')",https://clinicaltrials.gov/study/NCT07477613,2026-07-07
NCT07457645,Safety and Efficacy of High-Channel Implanted BCI for Motor Function Improvement in Tetraplegia Patients,academic-other,Shanghai Zhongshan Hospital,NOT_YET_RECRUITING,10,ESTIMATED,,chronic,2026-05-15,2028-07-15,China,True,"Implanted BCI ('Brain-Computer Interface', 'intracranial electrode')",https://clinicaltrials.gov/study/NCT07457645,2026-04-28
NCT07543367,INdependence Through Endovascular Neuroprosthetic Technology (INTENT): an Early Feasibility Study,synchron,"Synchron, Inc.",RECRUITING,10,ESTIMATED,,chronic,2026-04,2027-06,United States,True,"Implanted BCI ('Stentrode', 'Stentrode')",https://clinicaltrials.gov/study/NCT07543367,2026-05-11
